line_id,direction,status,coords
lid_1,unidirectional,good,"[(-73.96943,40.78519),(-73.96082,40.78095)]"
lid_2,bidirectional,good,"[(-73.96415,40.79229),(-73.95544,40.78854),(-73.94544,40.77854)]"
lid_3,bidirectional,bad,"[(-73.97162,40.78205),(-73.96374,40.77715),(-73.95374,40.76715),(-73.94374,40.75715)]"
lid_4,bidirectional,bad,"[(-73.9788,40.77247),(-73.97036,40.76811),(-73.96036,40.75811),(-73.95036,40.74811),(-73.94036,40.73811)]"
